<?xml version="1.0" encoding="UTF-8"?>
<project-private xmlns="http://www.netbeans.org/ns/project-private/1">
    <editor-bookmarks xmlns="http://www.netbeans.org/ns/editor-bookmarks/2" lastBookmarkId="0"/>
    <open-files xmlns="http://www.netbeans.org/ns/projectui-open-files/2">
        <group>
            <file>file:/D:/Java%20projects/Avance_1/src/avance_1/Fisica.java</file>
            <file>file:/D:/Java%20projects/Avance_1/src/avance_1/Tiempo.java</file>
            <file>file:/D:/Java%20projects/Avance_1/src/avance_1/Gasolina.java</file>
            <file>file:/D:/Java%20projects/Avance_1/src/avance_1/Economia.java</file>
            <file>file:/D:/Java%20projects/Avance_1/src/avance_1/Velocidad.java</file>
            <file>file:/D:/Java%20projects/Avance_1/src/avance_1/Principal.java</file>
            <file>file:/D:/Java%20projects/Avance_1/src/avance_1/Cursos.java</file>
        </group>
    </open-files>
</project-private>
